,model as psuedo obs,nll,rmse,w2
0,CCCma_CanESM5-p1 anomaly,-7.879566777286434,0.17109153005259348,2.285702974011121
1,CCCma_CanESM5-p2 anomaly,145.52711654128856,0.26223181865486106,3.1298643083234188
2,CNRM-CERFACS_CNRM-ESM2-1 anomaly,3092.7550745460794,0.5779462579233854,5.6109391865608185
3,IPSL_IPSL-CM6A-LR anomaly,1358.6026129319234,0.45957026058161804,4.540849830930182
4,MIROC_MIROC-ES2L anomaly,5452.65381507087,0.7707484245590258,7.241975059014066
5,MOHC_UKESM1-0-LL anomaly,814.2642504564686,0.3769133605141477,3.8617274333633516
